{
    "Profiles": [
    {
      "Horizontal Spacing" : 1,
      "Tags" : [
    
      ],
      "Ansi 12 Color" : {
        "Red Component" : 0.28794747591018677,
        "Color Space" : "Calibrated",
        "Blue Component" : 0.99877303838729858,
        "Alpha Component" : 1,
        "Green Component" : 0.72887319326400757
      },
      "Normal Font" : "RobotoMonoForPowerline-Regular 14",
      "Ansi 9 Color" : {
        "Red Component" : 0.98747438192367554,
        "Color Space" : "Calibrated",
        "Blue Component" : 0.27334880828857422,
        "Alpha Component" : 1,
        "Green Component" : 0.26170071959495544
      },
      "Bold Color" : {
        "Red Component" : 0.94509804248809814,
        "Color Space" : "Calibrated",
        "Blue Component" : 0.94117647409439087,
        "Alpha Component" : 1,
        "Green Component" : 0.94509804248809814
      },
      "Ansi 5 Color" : {
        "Red Component" : 0.98751437664031982,
        "Color Space" : "Calibrated",
        "Blue Component" : 0.70531737804412842,
        "Alpha Component" : 1,
        "Green Component" : 0.29879066348075867
      },
      "Link Color" : {
        "Red Component" : 0.95177865028381348,
        "Color Space" : "Calibrated",
        "Blue Component" : 0.61282742023468018,
        "Alpha Component" : 1,
        "Green Component" : 0.97596925497055054
      },
      "Rows" : 25,
      "Default Bookmark" : "No",
      "Cursor Guide Color" : {
        "Red Component" : 0.64999997615814209,
        "Color Space" : "Calibrated",
        "Blue Component" : 1,
        "Alpha Component" : 0.25,
        "Green Component" : 0.9100000262260437
      },
      "Non-ASCII Anti Aliased" : true,
      "Use Bright Bold" : true,
      "Ansi 10 Color" : {
        "Red Component" : 0.31106084585189819,
        "Color Space" : "Calibrated",
        "Blue Component" : 0.48027482628822327,
        "Alpha Component" : 1,
        "Green Component" : 0.98288291692733765
      },
      "Ambiguous Double Width" : false,
      "Jobs to Ignore" : [
        "rlogin",
        "ssh",
        "slogin",
        "telnet"
      ],
      "Ansi 15 Color" : {
        "Red Component" : 0.94509804248809814,
        "Color Space" : "Calibrated",
        "Blue Component" : 0.94117647409439087,
        "Alpha Component" : 1,
        "Green Component" : 0.94509804248809814
      },
      "Foreground Color" : {
        "Red Component" : 0.94509804248809814,
        "Color Space" : "Calibrated",
        "Blue Component" : 0.94117647409439087,
        "Alpha Component" : 1,
        "Green Component" : 0.94509804248809814
      },
      "Working Directory" : "\/Users\/idoberko2",
      "Blinking Cursor" : false,
      "Disable Window Resizing" : true,
      "Sync Title" : false,
      "Prompt Before Closing 2" : false,
      "BM Growl" : true,
      "Command" : "",
      "Description" : "Default",
      "Mouse Reporting" : true,
      "Screen" : -1,
      "Selection Color" : {
        "Red Component" : 0.15401937067508698,
        "Color Space" : "Calibrated",
        "Blue Component" : 0.21283283829689026,
        "Alpha Component" : 1,
        "Green Component" : 0.16026602685451508
      },
      "Columns" : 80,
      "Idle Code" : 0,
      "Ansi 13 Color" : {
        "Red Component" : 0.98751437664031982,
        "Color Space" : "Calibrated",
        "Blue Component" : 0.70531737804412842,
        "Alpha Component" : 1,
        "Green Component" : 0.29879066348075867
      },
      "Custom Command" : "No",
      "ASCII Anti Aliased" : true,
      "Non Ascii Font" : "Monaco 12",
      "Vertical Spacing" : 1,
      "Use Bold Font" : true,
      "Option Key Sends" : 0,
      "Selected Text Color" : {
        "Red Component" : 0.94509804248809814,
        "Color Space" : "Calibrated",
        "Blue Component" : 0.94117647409439087,
        "Alpha Component" : 1,
        "Green Component" : 0.94509804248809814
      },
      "Background Color" : {
        "Red Component" : 0.1176580935716629,
        "Color Space" : "Calibrated",
        "Blue Component" : 0.15977835655212402,
        "Alpha Component" : 1,
        "Green Component" : 0.12215268611907959
      },
      "Character Encoding" : 4,
      "Ansi 11 Color" : {
        "Red Component" : 0.9529411792755127,
        "Color Space" : "Calibrated",
        "Blue Component" : 0.61568629741668701,
        "Alpha Component" : 1,
        "Green Component" : 0.97647058963775635
      },
      "Use Italic Font" : true,
      "Unlimited Scrollback" : true,
      "Keyboard Map" : {
        "0xf728-0x80000" : {
          "Text" : "d",
          "Action" : 10
        },
        "0xf702-0x280000" : {
          "Text" : "b",
          "Action" : 10
        },
        "0xf70d-0x20000" : {
          "Text" : "[21;2~",
          "Action" : 10
        },
        "0x7f-0x80000" : {
          "Text" : "0x1b 0x7f",
          "Action" : 11
        },
        "0xf708-0x20000" : {
          "Text" : "[15;2~",
          "Action" : 10
        },
        "0x33-0x40000" : {
          "Text" : "0x1b",
          "Action" : 11
        },
        "0xf703-0x260000" : {
          "Text" : "[1;6C",
          "Action" : 10
        },
        "0xf729-0x20000" : {
          "Text" : "[1;2H",
          "Action" : 10
        },
        "0xf702-0x260000" : {
          "Text" : "[1;6D",
          "Action" : 10
        },
        "0x38-0x40000" : {
          "Text" : "0x7f",
          "Action" : 11
        },
        "0xf72b-0x40000" : {
          "Text" : "[1;5F",
          "Action" : 10
        },
        "0xf70c-0x20000" : {
          "Text" : "[20;2~",
          "Action" : 10
        },
        "0xf701-0x260000" : {
          "Text" : "[1;6B",
          "Action" : 10
        },
        "0x32-0x40000" : {
          "Text" : "0x00",
          "Action" : 11
        },
        "0xf707-0x20000" : {
          "Text" : "[1;2S",
          "Action" : 10
        },
        "0xf703-0x240000" : {
          "Text" : "[1;5C",
          "Action" : 10
        },
        "0xf700-0x260000" : {
          "Text" : "[1;6A",
          "Action" : 10
        },
        "0xf702-0x240000" : {
          "Text" : "[1;5D",
          "Action" : 10
        },
        "0x37-0x40000" : {
          "Text" : "0x1f",
          "Action" : 11
        },
        "0x3-0x200000" : {
          "Text" : "0xd",
          "Action" : 11
        },
        "0xf701-0x240000" : {
          "Text" : "[1;5B",
          "Action" : 10
        },
        "0xf70b-0x20000" : {
          "Text" : "[19;2~",
          "Action" : 10
        },
        "0xf703-0x220000" : {
          "Text" : "[1;2C",
          "Action" : 10
        },
        "0xf739-0x0" : {
          "Text" : "",
          "Action" : 13
        },
        "0xf728-0x0" : {
          "Text" : "0x4",
          "Action" : 11
        },
        "0xf706-0x20000" : {
          "Text" : "[1;2R",
          "Action" : 10
        },
        "0xf700-0x240000" : {
          "Text" : "[1;5A",
          "Action" : 10
        },
        "0xf702-0x220000" : {
          "Text" : "[1;2D",
          "Action" : 10
        },
        "0x36-0x40000" : {
          "Text" : "0x1e",
          "Action" : 11
        },
        "0xf70f-0x20000" : {
          "Text" : "[24;2~",
          "Action" : 10
        },
        "0xf701-0x220000" : {
          "Text" : "[1;2B",
          "Action" : 10
        },
        "0xf70a-0x20000" : {
          "Text" : "[18;2~",
          "Action" : 10
        },
        "0xf729-0x40000" : {
          "Text" : "[1;5H",
          "Action" : 10
        },
        "0xf72b-0x20000" : {
          "Text" : "[1;2F",
          "Action" : 10
        },
        "0xf700-0x220000" : {
          "Text" : "[1;2A",
          "Action" : 10
        },
        "0x30-0x200000" : {
          "Text" : "0",
          "Action" : 12
        },
        "0xf705-0x20000" : {
          "Text" : "[1;2Q",
          "Action" : 10
        },
        "0x31-0x200000" : {
          "Text" : "1",